node1,node2,free_bw,used_bw,delay,pkloss
1,3,199999.904,95.9952,1.757741,0.0
1,7,199999.904,95.9952,1.258254,0.0
1,8,199999.904,95.9952,0.656247,0.0
1,10,199999.90401,95.990401,1.03116,0.0
1,12,199999.904,95.9952,1.178265,0.0
1,30,199999.856,143.992801,0.352621,0.0
2,3,199999.904,96.0,1.516581,0.0
2,4,199999.848,151.992401,1.336813,0.0
2,5,199999.904,95.9952,0.9377,0.0
2,17,199999.904,95.9952,1.338363,0.0
2,21,199999.904,96.0,1.210928,0.0
2,22,199999.904,95.9952,0.99206,0.0
2,28,199999.8,199.990001,1.336336,0.0
2,31,199999.856,143.992801,1.040459,0.0
3,4,199999.904,95.9952,1.565099,0.0
3,5,199999.904,95.9952,0.470161,0.0
3,6,199999.904,95.9952,1.376987,0.0
3,7,199999.904,96.0,1.632094,0.0
3,12,199999.904,96.0,1.315475,0.0
3,13,199999.904,96.0,1.294971,0.0
3,15,199999.856,143.992801,1.471162,0.0
3,20,199999.848,151.992401,1.671433,0.0
3,27,199999.856,144.0,1.381874,0.0
3,31,199999.904,95.9952,1.561403,0.0
3,32,199999.856,144.0,1.33431,0.0
4,11,199999.904,95.9952,1.104355,0.0
4,14,199999.904,95.9952,0.894904,0.0
4,16,199999.904,96.0,1.192212,0.0
4,17,199999.904,95.9952,1.026273,0.0
5,6,199999.848,151.992401,0.522256,0.0
5,9,199999.904,95.9952,0.488281,0.0
5,10,199999.90401,95.990401,0.598311,0.0
5,11,199999.904,96.0,0.65136,0.0
5,15,199999.856,143.992801,0.638604,0.0
5,16,199999.904,95.9952,0.595331,0.0
6,8,199999.904,95.9952,0.836492,0.0
6,19,199999.904,95.9952,1.26493,0.0
6,23,199999.904,95.9952,1.076937,0.0
6,27,199999.856,143.992801,0.193477,0.0
7,9,199999.904,96.0,0.983477,0.0
8,18,199999.848,151.992401,1.046658,0.0
10,29,199999.808019,191.980802,1.093149,0.0
11,13,199999.904,96.0,0.899792,0.0
11,29,199999.808,191.990401,1.147151,0.0
13,14,199999.904,96.0,0.828028,0.0
13,22,199999.904,95.9952,1.024723,0.0
14,20,199999.856,143.992801,1.146913,0.0
14,21,199999.904,96.0,0.842333,0.0
14,24,199999.808,191.990401,1.165867,0.0
15,18,199999.90401,95.990401,1.194954,0.0
15,19,199999.856,143.992801,1.205444,0.0
15,26,199999.808019,191.980802,1.242161,0.0
15,28,199999.808019,191.980802,1.206517,0.0
16,23,199999.904,96.0,1.095176,0.0
16,25,199999.808,192.0,1.128316,0.0
19,24,199999.808,192.0,1.18053,0.0
19,25,199999.808,192.0,1.289606,0.0
20,26,199999.808019,191.980802,1.277447,0.0
22,32,199999.808,191.990401,1.223803,0.0
26,30,199999.808,191.990401,1.146436,0.0
