node1,node2,free_bw,used_bw,delay,pkloss
1,3,199999.904,95.9952,1.975656,0.0
1,7,199999.90401,95.990401,2.076507,0.0
1,8,199999.856,143.992801,1.327276,0.0
1,10,199999.856014,143.985601,0.822544,0.0
1,12,199999.90401,95.990401,1.259089,0.0
1,30,199999.90401,95.990401,1.859903,0.0
2,3,199999.904,96.0,1.845598,0.0
2,4,199999.904,95.9952,2.07305,0.0
2,5,199999.904,95.9952,1.919627,0.0
2,17,199999.904,95.9952,1.970768,0.0
2,21,199999.904,95.9952,1.933336,0.0
2,22,199999.904,95.9952,1.732469,0.0
2,28,199999.904,95.9952,1.445651,0.0
2,31,199999.904,95.9952,1.35839,0.0
3,4,199999.904,95.9952,1.943469,0.0
3,5,199999.904,95.9952,1.441121,0.0
3,6,199999.904,95.9952,1.802444,0.0
3,7,199999.904,95.9952,1.773119,0.0
3,12,199999.904,95.9952,1.381397,0.0
3,13,199999.856,144.0,1.046062,0.0
3,15,199999.856014,143.985601,1.107812,0.0
3,20,199999.904,95.9952,1.966,0.0
3,27,199999.856014,143.985601,1.507282,0.0
3,31,199999.904,95.9952,1.004338,0.0
3,32,199999.856,143.992801,1.489282,0.0
4,11,199999.856,143.992801,2.054095,0.0
4,14,199999.90401,95.990401,1.417875,0.0
4,16,199999.90401,95.990401,1.484632,0.0
4,17,199999.90401,95.990401,1.998663,0.0
5,6,199999.90401,95.990401,1.669884,0.0
5,9,199999.904,95.9952,1.586914,0.0
5,10,199999.856014,143.985601,1.248121,0.0
5,11,199999.856,143.992801,1.677513,0.0
5,15,199999.856014,143.985601,1.469731,0.0
5,16,199999.90401,95.990401,1.230359,0.0
6,8,199999.856,143.992801,1.268983,0.0
6,19,199999.90401,95.990401,0.668406,0.0
6,23,199999.90401,95.990401,0.848532,0.0
6,27,199999.856014,143.985601,0.572562,0.0
7,9,199999.904,95.9952,1.614451,0.0
8,18,199999.904,95.9952,1.379013,0.0
10,29,199999.856014,143.985601,1.472473,0.0
11,13,199999.856,144.0,1.56188,0.0
11,29,199999.856,143.992801,1.754403,0.0
13,14,199999.904,95.9952,1.304269,0.0
13,22,199999.856,143.992801,0.759244,0.0
14,20,199999.90401,95.990401,1.540422,0.0
14,21,199999.904,95.9952,1.733661,0.0
14,24,199999.808019,191.980802,1.077652,0.0
15,18,199999.856014,143.985601,0.918031,0.0
15,19,199999.856014,143.985601,0.0,0.0
15,26,199999.808019,191.980802,0.0,0.0
15,28,199999.856014,143.985601,0.47195,0.0
16,23,199999.90401,95.990401,0.717044,0.0
16,25,199999.856014,143.985601,0.742793,0.0
19,24,199999.808019,191.980802,0.903964,0.0
19,25,199999.856014,143.985601,0.135899,0.0
20,26,199999.808019,191.980802,0.549078,0.0
22,32,199999.808019,191.980802,0.911951,0.0
26,30,199999.856014,143.985601,0.358701,0.0
