node1,node2,free_bw,used_bw,delay,pkloss
1,3,199999.90399,96.0048,1.648426,0.0
1,7,199999.90399,96.009601,1.675487,0.0
1,8,199999.90399,96.000001,1.481295,0.0
1,10,199999.90399,96.0048,0.363588,0.0
1,12,199999.90399,96.0048,1.039505,0.0
1,30,199999.855986,144.007201,1.779914,0.0
2,3,199999.90399,96.0048,1.66142,0.0
2,4,199999.90399,96.009601,1.51372,0.0
2,5,199999.90399,96.0048,1.647115,0.0
2,17,199999.90399,96.0048,1.558304,0.0
2,21,199999.90399,96.009601,1.63722,0.0
2,22,199999.90399,96.0048,1.393199,0.0
2,28,199999.855986,144.014401,1.125216,0.0
2,31,199999.855986,144.007201,1.577258,0.0
3,4,199999.90399,96.0048,1.808763,0.0
3,5,199999.904,96.0,1.898408,0.0
3,6,199999.90399,96.0048,1.914382,0.0
3,7,199999.90399,96.0048,2.028942,0.0
3,12,199999.904,96.0,1.76692,0.0
3,13,199999.904,95.9952,1.843929,0.0
3,15,199999.904,96.0,1.175761,0.0
3,20,199999.90399,96.0048,1.804829,0.0
3,27,199999.856,144.0,1.693368,0.0
3,31,199999.856,144.0,1.65534,0.0
3,32,199999.855986,144.007201,1.419306,0.0
4,11,199999.90399,96.0048,1.2182,0.0
4,14,199999.90399,96.000001,0.72515,0.0
4,16,199999.90399,96.009601,1.944184,0.0
4,17,199999.90399,96.0048,0.489116,0.0
5,6,199999.90399,96.0048,1.897097,0.0
5,9,199999.904,96.0,1.60563,0.0
5,10,199999.904,96.0,0.852585,0.0
5,11,199999.856,144.0,0.541449,0.0
5,15,199999.808,192.0,47.526121,0.0
5,16,199999.90399,96.0048,1.868844,0.0
6,8,199999.90399,96.000001,1.903772,0.0
6,19,199999.90399,96.0048,1.870513,0.0
6,23,199999.90399,96.009601,1.938105,0.0
6,27,199999.855986,144.007201,1.754284,0.0
7,9,199999.90399,96.0048,1.700521,0.0
8,18,199999.904,95.9952,1.685619,0.0
10,29,199999.807981,192.009601,0.878453,0.0
11,13,199999.904,95.9952,1.230121,0.0
11,29,199999.807981,192.009601,1.65534,0.0
13,14,199999.90401,95.990401,0.925183,0.0
13,22,199999.904,95.9952,1.652718,0.0
14,20,199999.855986,144.000001,0.382066,0.0
14,21,199999.90399,96.000001,1.077175,0.0
14,24,199999.808,191.990401,1.047254,0.0
15,18,199999.904,96.0,1.183867,0.0
15,19,199999.904,96.0,1.122713,0.0
15,26,199999.807981,192.009601,0.386357,0.0
15,28,199999.807981,192.009601,0.0,0.0
16,23,199999.90399,96.009601,1.973271,0.0
16,25,199999.807981,192.009601,0.090122,0.0
19,24,199999.808,192.0,1.600862,0.0
19,25,199999.808,192.0,0.035048,0.0
20,26,199999.807981,192.019202,1.771331,0.0
22,32,199999.807981,192.009601,1.756549,0.0
26,30,199999.807962,192.019204,1.180172,0.0
