node1,node2,free_bw,used_bw,delay,pkloss
1,3,199999.856014,143.985601,1.969576,0.0
1,7,199999.856,143.992801,1.051903,0.0
1,8,199999.856014,143.985601,1.387119,0.0
1,10,199999.856,144.0,1.224518,0.0
1,12,199999.856,143.992801,1.50454,0.0
1,30,199999.856014,143.985601,1.719594,0.0
2,3,199999.90401,95.990401,1.195669,0.0
2,4,199999.904,95.9952,1.210451,0.0
2,5,199999.856,143.992801,0.959277,0.0
2,17,199999.90401,95.990401,1.623511,0.0
2,21,199999.904,95.9952,1.36888,0.0
2,22,199999.904,95.9952,1.455665,0.0
2,28,199999.856014,143.985601,0.99647,0.0
2,31,199999.856,143.992801,1.950264,0.0
3,4,199999.856,143.992801,1.708984,0.0
3,5,199999.856,143.992801,1.590848,0.0
3,6,199999.856,143.992801,2.397537,0.0
3,7,199999.856,143.992801,1.244307,0.0
3,12,199999.856,143.992801,1.667857,0.0
3,13,199999.856014,143.985601,1.559854,0.0
3,15,199999.856014,143.985601,1.133323,0.0
3,20,199999.90401,95.990401,1.577258,0.0
3,27,199999.856,143.992801,0.667095,0.0
3,31,199999.856,143.992801,1.609087,0.0
3,32,199999.856,143.992801,1.336813,0.0
4,11,199999.856,143.992801,1.373291,0.0
4,14,199999.856,144.0,1.558542,0.0
4,16,199999.856,143.992801,0.623107,0.0
4,17,199999.904,95.9952,1.916766,0.0
5,6,199999.856,144.0,1.172662,0.0
5,9,199999.856,143.992801,1.498938,0.0
5,10,199999.856,144.0,1.608849,0.0
5,11,199999.856,143.992801,1.725435,0.0
5,15,199999.856,143.992801,1.248479,0.0
5,16,199999.856,143.992801,1.028299,0.0
6,8,199999.856,143.992801,1.201272,0.0
6,19,199999.856,144.0,1.823306,0.0
6,23,199999.856,144.0,1.309633,0.0
6,27,199999.856,144.0,0.818133,0.0
7,9,199999.856,143.992801,1.496315,0.0
8,18,199999.90401,95.990401,1.422763,0.0
10,29,199999.904,96.0,1.535177,0.0
11,13,199999.90401,95.990401,1.77145,0.0
11,29,199999.904,95.9952,1.534462,0.0
13,14,199999.856,143.992801,1.389861,0.0
13,22,199999.904,95.9952,1.908302,0.0
14,20,199999.904,95.9952,1.654863,0.0
14,21,199999.904,96.0,1.717329,0.0
14,24,199999.904,95.9952,1.553655,0.0
15,18,199999.90401,95.990401,1.198649,0.0
15,19,199999.904,95.9952,1.629472,0.0
15,26,199999.90401,95.990401,1.318932,0.0
15,28,199999.90401,95.990401,1.238108,0.0
16,23,199999.904,95.9952,0.815034,0.0
16,25,199999.904,95.9952,1.317382,0.0
19,24,199999.904,95.9952,1.639724,0.0
19,25,199999.904,96.0,1.708031,0.0
20,26,199999.904,95.9952,1.401544,0.0
22,32,199999.904,96.0,1.868248,0.0
26,30,199999.904,95.9952,1.86789,0.0
