node1,node2,free_bw,used_bw,delay,pkloss
1,3,199999.904,96.0,0.960469,0.0
1,7,199999.904,96.0,1.057625,0.0
1,8,199999.856,144.0,1.315594,0.0
1,10,199999.856,144.0,0.390887,0.0
1,12,199999.856,144.0,1.173854,0.0
1,30,199999.904,96.0,0.952125,0.0
2,3,199999.904,96.0,1.595259,0.0
2,4,199999.904,96.0,1.067996,0.0
2,5,199999.848,152.0,1.159787,0.0
2,17,199999.904,96.0,1.137733,0.0
2,21,199999.904,96.0,1.354456,0.0
2,22,199999.856,144.0,1.665473,0.0
2,28,199999.904,96.0,1.2393,0.0
2,31,199999.904,96.0,1.103759,0.0
3,4,199999.904,96.0,1.246214,0.0
3,5,199999.904,96.0,0.849247,0.0
3,6,199999.904,96.0,1.13368,0.0
3,7,199999.904,96.0,1.16694,0.0
3,12,199999.856,144.0,1.234055,0.0
3,13,199999.856,144.0,1.4112,0.0
3,15,199999.856,144.0,1.381516,0.0
3,20,199999.904,96.0,1.389861,0.0
3,27,199999.904,96.0,0.561357,0.0
3,31,199999.904,96.0,1.287103,0.0
3,32,199999.904,96.0,1.151681,0.0
4,11,199999.856,144.0,1.473188,0.0
4,14,199999.856,144.0,1.457095,0.0
4,16,199999.904,96.0,1.190901,0.0
4,17,199999.904,96.0,1.117945,0.0
5,6,199999.904,96.0,1.21212,0.0
5,9,199999.856,144.0,0.816345,0.0
5,10,199999.856,144.0,0.873446,0.0
5,11,199999.856,144.0,1.564384,0.0
5,15,199999.856,144.0,1.274586,0.0
5,16,199999.904,96.0,0.545859,0.0
6,8,199999.856,144.0,1.324296,0.0
6,19,199999.856,144.0,1.130342,0.0
6,23,199999.904,96.0,1.210332,0.0
6,27,199999.904,96.0,0.983715,0.0
7,9,199999.856,144.0,1.392365,0.0
8,18,199999.856,144.0,1.294732,0.0
10,29,199999.856,144.0,0.53215,0.0
11,13,199999.808,192.0,1.532793,0.0
11,29,199999.856,144.0,0.932336,0.0
13,14,199999.904,96.0,1.320958,0.0
13,22,199999.808,192.0,1.303673,0.0
14,20,199999.856,144.0,1.739502,0.0
14,21,199999.856,144.0,1.482964,0.0
14,24,199999.856,120.0,1.462579,0.0
15,18,199999.856,144.0,1.409292,0.0
15,19,199999.808,192.0,1.18804,0.0
15,26,199999.856,144.0,1.399755,0.0
15,28,199999.904,96.0,1.081347,0.0
16,23,199999.904,96.0,1.306891,0.0
16,25,199999.904,96.0,0.671029,0.0
19,24,199999.904,96.0,1.092315,0.0
19,25,199999.904,96.0,1.521945,0.0
20,26,199999.856,144.0,1.58596,0.0
22,32,199999.856,144.0,1.036048,0.0
26,30,199999.904,96.0,0.95737,0.0
