node1,node2,free_bw,used_bw,delay,pkloss
1,3,199999.856,144.0,0.864387,0.0
1,7,199999.855986,144.007201,2.632141,0.0
1,8,199999.90399,96.0048,1.082063,0.0
1,10,199999.90399,96.0048,0.884891,0.0
1,12,199999.90399,96.0048,0.935674,0.0
1,30,199999.90399,96.0048,1.110435,0.0
2,3,199999.808,192.0,0.312924,0.0
2,4,199999.855986,144.007201,0.583529,0.0
2,5,199999.856,144.0,0.870585,0.0
2,17,199999.808,192.0,1.029849,0.0
2,21,199999.807981,192.009601,0.952721,0.0
2,22,199999.856,144.0,0.812531,0.0
2,28,199999.904,96.0,1.159072,0.0
2,31,199999.856,144.0,1.11711,0.0
3,4,199999.856,144.0,0.635386,0.0
3,5,199999.856,144.0,0.958323,0.0
3,6,199999.856,144.0,1.072884,0.0
3,7,199999.855986,144.007201,0.898838,0.0
3,12,199999.90399,96.0048,1.224875,0.0
3,13,199999.904,96.0,1.03271,0.0
3,15,199999.904,96.0,0.989795,0.0
3,20,199999.808,192.0,0.972152,0.0
3,27,199999.90399,96.0048,1.116157,0.0
3,31,199999.856,144.0,0.959635,0.0
3,32,199999.90399,96.0048,1.13821,0.0
4,11,199999.855986,144.007201,0.521898,0.0
4,14,199999.90399,96.009601,0.74029,0.0
4,16,199999.855986,144.014401,0.612736,0.0
4,17,199999.807981,192.009601,0.617623,0.0
5,6,199999.855986,144.007201,0.768065,0.0
5,9,199999.90399,96.009601,0.858665,0.0
5,10,199999.848,152.0,0.900984,0.0
5,11,199999.90399,96.0048,0.855327,0.0
5,15,199999.90399,96.0048,0.99957,0.0
5,16,199999.855986,144.007201,1.165867,0.0
6,8,199999.90399,96.0048,1.067638,0.0
6,19,199999.855986,144.007201,0.40102,0.0
6,23,199999.855986,144.007201,1.056671,0.0
6,27,199999.90399,96.0048,1.107693,0.0
7,9,199999.90399,96.009601,1.057029,0.0
8,18,199999.855986,144.007201,0.835776,0.0
10,29,199999.90399,96.0048,1.088619,0.0
11,13,199999.856,120.0,48.801303,0.0
11,29,199999.904,96.0,0.765085,0.0
13,14,199999.855986,144.007201,1.090169,0.0
13,22,199999.856,144.0,0.56088,0.0
14,20,199999.90399,96.0048,1.041055,0.0
14,21,199999.855986,144.014401,0.974774,0.0
14,24,199999.90399,96.0048,1.093268,0.0
15,18,199999.856,144.0,0.739813,0.0
15,19,199999.855986,144.007201,0.818491,0.0
15,26,199999.904,96.0,1.060724,0.0
15,28,199999.904,96.0,0.982165,0.0
16,23,199999.807981,192.019202,1.002073,0.0
16,25,199999.90399,96.009601,0.962734,0.0
19,24,199999.90399,96.0048,1.265645,0.0
19,25,199999.90399,96.009601,0.94378,0.0
20,26,199999.904,96.0,0.941277,0.0
22,32,199999.90399,96.0048,0.974178,0.0
26,30,199999.90399,96.0048,1.139402,0.0
