node1,node2,free_bw,used_bw,delay,pkloss
1,3,199999.856,143.992801,0.68891,0.0
1,7,199999.856,143.992801,0.653267,0.0
1,8,199999.856,143.992801,1.690149,0.0
1,10,199999.856014,143.985601,1.690984,0.0
1,12,199999.856,143.992801,0.91958,0.0
1,30,199999.808,191.990401,0.975013,0.0
2,3,199999.904,96.0,1.361489,0.0
2,4,199999.904,95.9952,1.020908,0.0
2,5,199999.904,95.9952,1.2604,0.0
2,17,199999.904,96.0,1.525998,0.0
2,21,199999.904,95.9952,1.332164,0.0
2,22,199999.904,95.9952,1.694918,0.0
2,28,199999.856,144.0,1.362085,0.0
2,31,199999.856,143.992801,1.492739,0.0
3,4,199999.856,143.992801,1.242161,0.0
3,5,199999.856,143.992801,0.427842,0.0
3,6,199999.856,143.992801,0.882387,0.0
3,7,199999.904,96.0,1.344562,0.0
3,12,199999.904,95.9952,1.133561,0.0
3,13,199999.904,95.9952,1.182914,0.0
3,15,199999.904,95.9952,1.060963,0.0
3,20,199999.904,95.9952,1.287818,0.0
3,27,199999.904,95.9952,1.230359,0.0
3,31,199999.856,143.992801,1.182556,0.0
3,32,199999.856,143.992801,1.31619,0.0
4,11,199999.856014,143.985601,59.262753,0.0
4,14,199999.856,143.992801,0.853539,0.0
4,16,199999.856,143.992801,1.317859,0.0
4,17,199999.904,95.9952,1.383543,0.0
5,6,199999.856014,143.985601,0.849485,0.0
5,9,199999.856,143.992801,1.446843,0.0
5,10,199999.856014,143.985601,0.816703,0.0
5,11,199999.90401,95.990401,1.281261,0.0
5,15,199999.856014,143.985601,1.089692,0.0
5,16,199999.856,143.992801,0.630617,0.0
6,8,199999.856,143.992801,0.927806,0.0
6,19,199999.856014,143.985601,0.782847,0.0
6,23,199999.856014,143.985601,1.984715,0.0
6,27,199999.856,143.992801,0.779271,0.0
7,9,199999.904,96.0,1.439214,0.0
8,18,199999.90401,95.990401,1.639962,0.0
10,29,199999.856014,143.985601,1.528025,0.0
11,13,199999.90401,95.990401,1.668096,0.0
11,29,199999.856014,143.985601,1.471758,0.0
13,14,199999.904,95.9952,1.329184,0.0
13,22,199999.90401,95.990401,1.483798,0.0
14,20,199999.856,143.992801,1.328588,0.0
14,21,199999.904,95.9952,1.104832,0.0
14,24,199999.904,95.9952,1.226664,0.0
15,18,199999.90401,95.990401,1.104355,0.0
15,19,199999.90401,95.990401,1.043081,0.0
15,26,199999.904,95.9952,0.396371,0.0
15,28,199999.856,143.992801,1.264572,0.0
16,23,199999.904,95.9952,1.367927,0.0
16,25,199999.856,144.0,1.441002,0.0
19,24,199999.90401,95.990401,1.301289,0.0
19,25,199999.856,143.992801,1.877427,0.0
20,26,199999.904,95.9952,0.595093,0.0
22,32,199999.90401,95.990401,1.668215,0.0
26,30,199999.856,144.0,0.487924,0.0
